price,area,bedrooms,bathrooms,age,garage,address
1255164.6630137558,2248.3570765056165,4,3,32,1,Address 0
514444.9001030675,1930.8678494144076,1,3,49,2,Address 1
753800.1683079269,2323.844269050346,3,1,37,1,Address 2
1207125.8704686787,2761.514928204013,5,3,26,1,Address 3
924203.3912672743,1882.923312638332,3,3,33,0,Address 4
958007.6307408536,1882.9315215254096,3,2,14,2,Address 5
839179.9509303125,2789.6064077536957,1,1,31,2,Address 6
853485.9412874249,2383.717364576454,1,1,20,2,Address 7
419217.9351462043,1765.262807032524,1,1,45,1,Address 8
979178.0086826612,2271.2800217929826,2,3,4,2,Address 9
1006459.5570518124,1768.291153593769,4,1,5,2,Address 10
682932.1374877535,1767.1351232148716,2,3,37,0,Address 11
1132936.317182064,2120.981135783017,4,3,21,0,Address 12
856385.2508906156,1043.359877671101,4,2,17,0,Address 13
720990.6233142506,1137.5410837434836,3,2,13,1,Address 14
915928.7931112971,1718.8562353795137,3,2,9,2,Address 15
769590.9867092139,1493.5844398327881,4,2,45,0,Address 16
1105377.0495716892,2157.123666297637,4,2,12,0,Address 17
944754.7217353064,1545.9879622393946,2,3,30,0,Address 18
855866.7523226894,1293.8481493323543,2,3,29,2,Address 19
980410.1152514053,2732.824384460777,3,1,2,2,Address 20
785954.6616630917,1887.1118497567322,1,3,29,2,Address 21
1261599.8131282278,2033.764102343962,4,3,5,1,Address 22
808832.4910490455,1287.6259068932716,2,2,28,1,Address 23
927215.5069189178,1727.8086377374086,3,3,7,0,Address 24
814805.1222234024,2055.461294854933,2,2,43,2,Address 25
839714.9618465926,1424.5032112888484,4,1,44,0,Address 26
841016.1552622102,2187.849009172836,4,1,42,2,Address 27
1325228.8892461052,1699.6806550405975,5,3,43,2,Address 28
754898.5016330589,1854.1531251033616,1,1,32,2,Address 29
1324417.879872476,1699.1466938853016,5,3,16,1,Address 30
724054.5180639913,2926.139092254469,3,1,47,1,Address 31
652325.0932212159,1993.2513876310331,2,2,10,2,Address 32
883986.3209039981,1471.1445355220499,3,2,12,0,Address 33
977108.300708951,2411.2724560515944,4,2,49,2,Address 34
1177671.1529137476,1389.5781750144888,5,2,10,2,Address 35
1323958.0517509927,2104.431797502378,5,3,30,0,Address 36
922320.9761661703,1020.1649380601123,5,1,27,2,Address 37
789835.2319141824,1335.9069755507849,3,3,43,0,Address 38
1087515.3590522879,2098.4306179345617,4,2,5,1,Address 39
737172.3650015475,2369.2332899977055,2,3,40,1,Address 40
582782.7944589109,2085.6841405949854,2,1,15,0,Address 41
1020703.3362557149,1942.1758588058797,3,3,3,1,Address 42
976899.3283387604,1849.4481522053557,5,1,34,1,Address 43
632914.6758615512,1260.7390048162863,1,3,47,0,Address 44
1040605.7510241913,1640.0778958026458,3,1,25,1,Address 45
864881.8953938232,1769.6806145201062,3,1,11,2,Address 46
1058684.9167071448,2528.561113109458,4,2,10,2,Address 47
767004.9499541796,2171.8091447842307,2,1,36,0,Address 48
644966.1446998412,1118.479922318633,3,2,24,1,Address 49
833313.381366829,2162.0419846973973,3,2,17,2,Address 50
1115235.542114412,1807.4588597918419,5,2,18,2,Address 51
1163865.2279327395,1661.5389998470207,5,3,22,1,Address 52
684676.5407903226,2305.8381444204338,1,3,37,1,Address 53
1214398.743682495,2515.4997612479756,4,3,17,2,Address 54
864038.1962304445,2465.6400595580994,1,3,25,2,Address 55
1094935.077366382,1580.3912383886807,5,1,5,0,Address 56
667658.2085918175,1845.3938120743928,2,1,3,0,Address 57
1194368.546800668,2165.631715701782,5,3,43,2,Address 58
1014241.7950000592,2487.7725635611796,4,1,28,0,Address 59
968269.7405347225,1760.412881077355,5,1,33,2,Address 60
905456.7765980768,1907.1705116680914,4,2,16,2,Address 61
991278.8530901528,1446.8325129969858,4,2,42,0,Address 62
980374.9932770636,1401.8966879596646,4,2,42,0,Address 63
991396.4518992992,2406.262911197099,4,2,15,1,Address 64
995902.1160464486,2678.1200142854113,4,1,1,1,Address 65
748706.7393879903,1963.994939209833,2,3,33,1,Address 66
728839.0666511146,2501.766448946012,1,1,7,2,Address 67
967286.7303891898,2180.818012523817,3,1,12,0,Address 68
616032.192129256,1677.4401226974378,1,1,41,2,Address 69
1117642.244533724,2180.697802754207,4,2,7,0,Address 70
970874.6614923996,2769.0182832329847,2,2,29,2,Address 71
1116196.783188593,1982.0869804450242,5,2,31,1,Address 72
1026566.2265818319,2782.3218279070034,2,3,35,1,Address 73
821515.8010867927,690.1274479551278,4,1,46,1,Address 74
1087039.6967340747,2410.9512521876118,2,3,29,2,Address 75
728397.4592957329,2043.5235341190855,2,2,0,0,Address 76
827238.4685221679,1850.4963247670662,4,3,42,0,Address 77
763113.140314083,2045.8803882677512,2,1,38,1,Address 78
753598.5063305612,1006.2155426995536,3,1,16,1,Address 79
861411.7955760008,1890.164056081244,3,2,19,1,Address 80
767840.3473448383,2178.5562857558734,2,2,23,1,Address 81
1451363.3348272876,2738.947022370758,5,3,49,0,Address 82
977867.0238328904,1740.8648908631762,4,2,21,2,Address 83
808244.9891727073,1595.7531985534063,3,2,28,2,Address 84
1081440.5711701082,1749.1214782077318,5,1,21,2,Address 85
947819.1936823998,2457.701058851037,2,2,43,2,Address 86
1408277.7541359072,2164.3755548298423,5,2,8,1,Address 87
577248.4861506051,1735.1198981164807,1,1,36,1,Address 88
730622.4972577248,2256.633716556678,3,1,9,1,Address 89
1091940.304539182,2048.5387746740203,2,3,35,2,Address 90
1034485.3796189349,2484.3224952664445,4,2,36,1,Address 91
557126.4021166355,1648.9734530613239,2,1,27,1,Address 92
921677.6469601763,1836.1689267011159,4,3,27,0,Address 93
842027.4642769377,1803.9459234339213,2,3,41,0,Address 94
1046707.1912120355,1268.2425259339407,5,2,42,1,Address 95
1139313.5515478137,2148.060138532288,5,2,20,0,Address 96
1315703.0755161876,2130.5276360899447,5,3,23,0,Address 97
448040.2136811586,2002.5567283212304,1,1,41,1,Address 98
1196886.1061586076,1882.7064333124265,4,3,39,1,Address 99
1055315.7306181104,1292.3146289747929,5,2,1,1,Address 100
791368.4712529677,1789.6773386173204,1,1,7,1,Address 101
968738.1757729757,1828.6427417366153,4,1,47,2,Address 102
775862.2835612814,1598.8613653891905,2,3,26,2,Address 103
447393.90608465153,1919.3571441669953,1,2,21,1,Address 104
1009095.015068628,2202.0254284072694,3,3,36,0,Address 105
794891.2674615082,2943.0929506052653,1,3,26,1,Address 106
727172.3211894084,2087.2889064159194,1,3,28,1,Address 107
1005497.1204535489,2128.775195361382,4,1,2,0,Address 108
791319.0868367571,1962.7770421169164,2,1,43,2,Address 109
942432.473301977,1040.6143923504792,3,2,12,1,Address 110
973190.1753892455,1986.7430622753916,5,2,44,1,Address 111
1447600.9854595102,2030.1151049705131,5,3,9,2,Address 112
835257.5720074493,3231.621056242643,1,3,35,2,Address 113
848756.9582861213,1903.8195176094387,4,3,8,0,Address 114
955233.3324306761,2150.7736711668063,4,2,26,2,Address 115
1094066.9207279943,1982.6441151473784,5,1,33,2,Address 116
743684.6735109094,1415.660981190234,3,1,0,2,Address 117
846336.6938081466,2571.4114072575103,2,3,31,0,Address 118
1103421.9003872566,2375.966516343387,3,3,24,2,Address 119
925413.0570412237,2395.5159735215234,2,3,28,2,Address 120
1113095.1934745915,1545.3062726026305,5,3,6,0,Address 121
719070.1092479823,2701.3971554680497,2,2,48,2,Address 122
948101.8276819192,1299.0744686038597,4,1,2,2,Address 123
524847.1159315399,2293.428546900135,1,3,19,0,Address 124
702922.9771185567,3095.227812904989,1,2,19,1,Address 125
1019694.7728373896,1504.7318374346557,5,3,29,0,Address 126
1079747.4283689698,1716.851135198614,4,3,34,2,Address 127
815649.5883234552,2049.8256825438207,3,1,34,2,Address 128
1174821.8847375647,1748.2621729419004,4,3,48,2,Address 129
564814.5561716533,1224.6682844669335,1,1,38,0,Address 130
499650.2647166044,2034.2814874030137,1,1,26,2,Address 131
1116168.0768406978,1468.8481431369476,4,1,25,2,Address 132
929750.0615796159,2236.796215317591,4,2,13,0,Address 133
639281.4665806188,1540.2878828830985,1,2,16,1,Address 134
944583.0191657087,2774.96720250877,3,1,17,1,Address 135
1437295.6106414387,1608.3733538318816,5,3,44,2,Address 136
913668.6904134498,1838.9692418971622,5,1,28,0,Address 137
1023002.0595706783,2406.758608684835,4,3,19,2,Address 138
1075494.7311976003,1384.5678417830222,5,1,26,0,Address 139
634035.6408506631,2113.729967302065,1,3,17,0,Address 140
723198.2796565621,2653.571377141214,1,2,3,1,Address 141
957850.8728793212,1196.2583827193862,4,3,0,1,Address 142
795361.3156217233,2092.3169292661523,4,1,49,0,Address 143
1038954.9860918771,2129.9413971242116,4,2,0,2,Address 144
1086735.3252383426,2390.9114358886554,3,3,25,1,Address 145
1178231.6274282937,1381.5246445609591,5,3,44,2,Address 146
977871.6532843183,1339.7716934578618,4,3,19,1,Address 147
991684.2759467376,2260.970782808449,2,3,22,1,Address 148
982348.9087291192,2148.492336616593,2,3,9,2,Address 149
507919.8174728883,2125.2464251729384,1,2,10,1,Address 150
1209292.7418832788,2173.2241047484877,5,2,40,1,Address 151
1014485.5523063389,1659.9876392107547,4,2,40,2,Address 152
962685.9336172044,2116.1268485805017,2,2,4,1,Address 153
1117045.3662991987,2146.5362366493405,5,1,0,1,Address 154
553111.494041922,1642.824290986816,1,2,16,1,Address 155
1110859.1922270542,2932.8872555723783,3,3,21,2,Address 156
1258083.5791336615,2236.9164604558937,5,3,33,0,Address 157
1005361.1191697813,1404.3482513986755,5,2,44,2,Address 158
888798.0017209356,2328.276804316915,3,3,40,0,Address 159
1053097.0584887273,1512.6591648863393,5,2,28,1,Address 160
658417.0691655353,2393.542301871226,1,3,3,0,Address 161
634297.4364875127,2579.297789503702,1,1,4,2,Address 162
856220.9032628335,1589.6588408241448,3,1,10,2,Address 163
1188416.581227517,2481.6880646221607,4,2,20,1,Address 164
754353.7448178724,2206.390463468249,2,2,34,0,Address 165
1074516.8820628223,2411.030079997245,4,2,11,1,Address 166
1231712.5717374664,2948.396491326974,5,3,25,1,Address 167
931246.6353718797,1877.3059419985648,2,2,18,2,Address 168
717663.7417768098,1623.1319178212552,3,1,44,0,Address 169
852851.3021667998,1555.2427851872383,3,3,6,0,Address 170
727074.3316202181,1592.0948575172808,2,2,46,0,Address 171
780102.6206803415,1961.4491452929478,1,3,6,0,Address 172
795704.5638042085,2170.575987408322,2,3,25,1,Address 173
1105696.7143400807,2138.3453996650096,5,2,39,1,Address 174
824081.8896275074,2413.591624518012,1,3,4,2,Address 175
1074003.8885970558,2006.5009459389535,3,1,20,1,Address 176
829851.1921704317,2726.7670385786587,2,1,13,1,Address 177
1199443.363822926,1867.671583381022,4,3,3,2,Address 178
1249274.7639371525,3360.0845832948094,4,2,22,2,Address 179
1407199.6262080001,2312.8336738825033,5,3,41,2,Address 180
880804.1077353393,1571.4212217918587,4,1,19,1,Address 181
769464.4453103688,1464.5537509694439,2,3,14,1,Address 182
970551.943571901,2241.2362076215927,2,3,49,2,Address 183
903332.4041335762,1888.2686073370746,4,1,44,2,Address 184
832710.4917965543,2357.000247046046,2,3,28,2,Address 185
1153193.2380530713,2236.6188122867725,5,3,7,1,Address 186
769288.2094511096,1963.5855436715635,1,2,40,1,Address 187
1006824.7707885082,1576.6031409657976,5,2,47,0,Address 188
919300.9003664667,1242.5763876570677,5,1,18,1,Address 189
590240.7612924427,1776.7425239664894,2,1,47,1,Address 190
657564.4115170087,2428.199397161736,1,1,38,1,Address 191
761364.1356223057,2107.046872065102,2,2,45,2,Address 192
588771.0881466587,1377.130610644006,3,1,27,1,Address 193
731243.1315073516,2086.590462925591,2,1,45,2,Address 194
768100.6507437981,2192.658689864418,2,1,26,0,Address 195
833953.5599871684,1558.0712818994334,2,2,3,0,Address 196
763753.2614835519,2076.8625529727638,1,3,14,2,Address 197
841827.7015681379,2029.1043592229998,2,1,34,2,Address 198
732146.4824756312,1428.5148510846884,1,3,36,2,Address 199
1112004.1024052869,2178.8936801741415,4,1,0,1,Address 200
1061407.9293186672,2280.3922631841174,3,3,2,0,Address 201
559992.8778954969,2541.5256215876384,1,2,46,2,Address 202
1241363.99635258,2526.9010260174514,4,2,23,1,Address 203
444294.9167220408,1311.1653160214546,1,1,26,0,Address 204
722788.1303956255,1531.0874800424385,1,3,39,1,Address 205
711347.3005132487,2257.51763360433,3,2,35,0,Address 206
1100221.947553417,2256.8929754561045,5,1,33,1,Address 207
1120045.1575895683,2257.523843153024,5,1,28,0,Address 208
990168.6081925766,3926.365745327361,1,2,23,0,Address 209
942584.5050141866,2285.4452553465835,2,2,23,1,Address 210
1050200.752403634,2567.7828200902995,4,1,41,2,Address 211
747262.3528398215,2477.0008817466014,2,3,3,0,Address 212
1001796.841615032,2325.6956256528993,2,3,2,2,Address 213
648985.5812466897,1842.3653776798271,1,3,33,1,Address 214
625446.248506288,2379.4846102466336,1,1,48,2,Address 215
545726.1559936114,1613.587392731214,1,2,22,2,Address 216
583142.3788838094,1881.5906966299956,1,1,22,2,Address 217
1066013.5142279381,1757.3182260854483,5,2,44,2,Address 218
781277.0713723914,2040.9370696931612,1,3,4,2,Address 219
1221909.30973456,3157.329283336754,5,3,30,0,Address 220
943051.2687315881,1066.367403704126,5,2,40,0,Address 221
702932.4854235279,2343.1300951872568,1,2,5,0,Address 222
447514.84765337233,1193.642064405174,3,1,36,1,Address 223
920760.121076742,1764.0340671052832,4,3,9,2,Address 224
622578.3958561808,2544.475298483683,2,1,39,0,Address 225
1061437.0964842117,2032.1400095477313,5,1,6,1,Address 226
809023.8827639287,1461.127611035347,4,1,38,0,Address 227
797467.5790513791,1642.348145370016,3,3,37,0,Address 228
774926.4068490019,2339.798874467338,2,1,20,2,Address 229
668133.9889159487,1634.8166841414318,2,1,19,1,Address 230
1073367.1197925517,2108.2292947909873,5,1,2,2,Address 231
721624.1741693008,2022.7859199519069,1,1,21,2,Address 232
693118.6137652152,1674.1998261970914,3,1,46,0,Address 233
1295893.3140125955,3071.972044662663,5,1,3,2,Address 234
1014580.5242442858,2316.9595111590056,3,3,27,1,Address 235
747110.1809732916,987.4287066711964,1,1,11,2,Address 236
744962.4226502368,2093.227157384714,1,2,37,2,Address 237
988111.3451408581,1669.106767615806,5,1,35,2,Address 238
592718.3551766513,2426.216667398112,1,1,46,0,Address 239
866613.4713326978,1603.7396307836498,4,3,40,1,Address 240
858223.2041933655,1942.6317792665504,2,3,4,0,Address 241
1163165.3929582217,2252.4936394902284,5,2,12,0,Address 242
902389.8359163759,2432.8775970850606,3,2,22,0,Address 243
908607.2925633225,1399.8517964721118,4,3,49,0,Address 244
1044047.602524251,1832.7493820795257,5,3,29,0,Address 245
435318.03323685593,1762.5273444195218,1,1,36,1,Address 246
769541.0299960527,1673.335383713144,1,3,24,2,Address 247
532920.7887712556,2882.7271201405483,1,2,47,0,Address 248
705265.8471127751,2202.490855480478,1,1,26,0,Address 249
586866.0343488771,1369.5580228324775,3,2,13,1,Address 250
889549.3105982784,2458.9309735273882,4,1,47,1,Address 251
985146.7737614013,3061.0780985063166,2,3,46,2,Address 252
972365.3558108862,2516.2326302755737,3,2,35,1,Address 253
656439.0289760566,1240.3150170229933,3,1,38,2,Address 254
739217.7757455087,1757.8829635668744,2,1,15,0,Address 255
741962.4530780388,2633.455574593311,2,3,21,0,Address 256
708003.6678583041,1646.1652671906097,1,3,20,2,Address 257
1074265.7269352537,2221.909714073114,3,3,20,1,Address 258
1358750.5591507421,2387.3170267146684,5,2,7,2,Address 259
447253.34678298613,1536.5347642109587,2,1,48,1,Address 260
1091527.4112384259,1970.2373219690999,2,3,15,0,Address 261
748187.4766798253,379.3663299654638,4,2,30,1,Address 262
965562.3701805072,1487.8061793328552,5,2,41,2,Address 263
1249643.0816076677,1873.7159243034198,5,2,9,2,Address 264
700781.4955436119,1376.1084090175752,2,3,31,0,Address 265
756015.3339426073,2816.2056519658177,1,3,33,1,Address 266
942057.3368589403,1284.9293110196836,4,1,8,1,Address 267
883268.2066223699,1779.9777566515081,5,1,16,1,Address 268
676323.5888668343,2065.3702886430456,2,3,10,0,Address 269
1130321.327938983,2720.6366445330577,5,2,31,1,Address 270
1127997.0663863607,1282.0689244102803,4,2,9,2,Address 271
1020752.6582664696,2581.58187607748,4,2,21,1,Address 272
928427.3215038409,2005.1165305097936,3,1,16,0,Address 273
885026.0435647916,1509.2456744760245,2,2,3,1,Address 274
927399.7921639121,2231.0517371316355,4,1,47,1,Address 275
851925.3707161492,2099.529847786735,3,1,46,2,Address 276
890189.4186437458,1699.8915614206026,3,2,24,1,Address 277
1209461.877117711,2034.9010424950095,5,2,20,2,Address 278
1192110.1504090938,1807.3432015691199,5,3,36,2,Address 279
886657.0839418462,2056.758672625624,3,3,37,0,Address 280
1060110.5180667941,2331.0653372605234,5,2,48,2,Address 281
878296.5618782495,2793.008408072676,4,1,0,2,Address 282
560516.2859868626,1381.0922505865756,1,1,24,0,Address 283
1072377.5124113432,3066.5166873281332,4,1,35,2,Address 284
671016.7455860535,1023.9561002387491,3,1,16,0,Address 285
802255.6575340088,1924.1074524822084,3,1,40,1,Address 286
1000576.114844864,2294.1586032422883,4,3,23,0,Address 287
1141943.3720483084,2140.495933867516,5,2,1,2,Address 288
1082496.554641155,1688.6502400897032,5,3,39,0,Address 289
998403.7356585176,1895.9388748213623,3,1,14,2,Address 290
526475.8504177458,1753.4995326705837,2,1,31,1,Address 291
671825.2264719728,1705.3176215278943,5,1,38,0,Address 292
950339.995669176,2424.8010485105124,4,1,5,1,Address 293
1362120.7659217706,2178.5077429825237,5,2,0,2,Address 294
720100.117801532,1653.545202369673,4,1,46,2,Address 295
822951.6333893753,2449.799937716625,3,2,22,1,Address 296
1005719.6501016475,2153.649760438305,5,1,38,0,Address 297
1275633.8094894816,2406.43105941948,4,2,16,0,Address 298
909660.275243561,2314.8144209618063,3,3,33,2,Address 299
468856.8403071005,1585.502494538964,2,1,40,1,Address 300
1009860.7848740701,1719.9094799015152,4,2,28,1,Address 301
1001832.1242555336,2373.646802561631,2,3,8,0,Address 302
624108.6420391023,2305.1851327167324,2,1,12,0,Address 303
386815.50468957564,1989.549203017926,1,1,5,0,Address 304
1129241.2912540738,2058.663691654391,5,1,5,1,Address 305
1097367.3845197184,2638.8324478942122,4,2,19,0,Address 306
914286.9432120334,1704.214305582085,2,2,2,0,Address 307
901049.5802909298,2273.548690585019,1,3,16,2,Address 308
866696.9750155432,1898.903673783053,3,2,48,0,Address 309
950901.4254518484,1891.15939838639,4,2,11,0,Address 310
935089.2768163063,2549.388425993595,2,1,47,1,Address 311
999456.6163905546,2412.708174494015,5,1,46,1,Address 312
551483.2696588548,2406.754818000319,1,1,44,2,Address 313
926225.4322095772,2652.7394035771645,2,1,0,0,Address 314
961626.464192097,2010.5019208163794,5,1,16,2,Address 315
575356.8101119567,2340.976485647482,2,1,2,1,Address 316
966442.3546301756,1844.866621703272,4,1,25,2,Address 317
1138034.6652968528,2162.0831762442212,4,3,14,1,Address 318
1100704.0491265494,1934.9284728161576,4,3,35,2,Address 319
882242.7739618011,2048.497982496359,1,3,31,2,Address 320
976937.2330429886,2297.5785127184568,4,3,31,0,Address 321
1099505.6784007938,1590.8896583832638,5,1,3,2,Address 322
894608.7685204542,3046.19363784273,2,3,17,0,Address 323
564577.2809143397,1496.991309250149,3,1,48,0,Address 324
1117106.560964545,1392.9056936061338,5,3,18,0,Address 325
1189165.1240045137,2579.055436750034,5,2,42,0,Address 326
1383639.946741197,2395.831346981468,4,3,34,2,Address 327
801147.8891425047,2312.0599085260774,1,3,39,1,Address 328
484333.77532306884,2314.17275463214,2,1,13,1,Address 329
721573.6528134893,1993.8766135765427,1,3,32,1,Address 330
804117.5605159916,1551.3728142570842,2,2,13,2,Address 331
711411.1288676813,2037.9022790968631,2,1,33,0,Address 332
588622.9446733684,1661.4191442439442,1,1,3,1,Address 333
1448064.8784010953,2487.5598667088757,5,3,23,2,Address 334
655814.1924864203,1926.4713092489308,2,1,28,0,Address 335
688604.9471101633,1587.2514016037442,1,1,18,1,Address 336
610056.115912521,1839.3070791735033,2,1,5,0,Address 337
821080.9194434506,2206.4657271378123,3,1,32,1,Address 338
1048477.9258987908,1718.1377235980126,5,1,48,1,Address 339
793669.5731923342,1588.8898022167843,4,1,39,1,Address 340
667183.0803664881,2121.843605745956,2,2,18,0,Address 341
1029313.1185867676,2122.4832855543614,3,3,0,2,Address 342
901731.2795225512,1746.5284123144352,4,2,4,0,Address 343
946704.2768066166,1764.4808471908386,4,1,26,1,Address 344
478121.6939044263,2116.0249686788184,2,1,15,0,Address 345
601998.7802933431,1275.957829251338,1,3,5,2,Address 346
807901.4605168984,1296.2681128117224,2,2,39,0,Address 347
947568.1168399605,1640.777889373782,3,3,12,2,Address 348
1025329.1275315824,1893.2764241440764,4,2,47,2,Address 349
478630.73648998735,2155.4537827990025,2,1,34,0,Address 350
837180.2376264051,2737.678108474776,1,3,18,1,Address 351
908982.3143919606,2428.8298116010096,2,3,11,2,Address 352
845694.1236857872,1920.0307350182864,5,1,15,0,Address 353
888741.233361337,1990.4918960486557,1,3,42,2,Address 354
990130.1044741967,1498.7353176810957,3,2,9,1,Address 355
950338.8641289788,1990.743432003805,4,2,24,0,Address 356
817508.9713217842,1855.6706805399308,2,2,19,0,Address 357
796465.1967896206,2161.3592801690447,1,2,30,0,Address 358
1118046.0461381928,1586.3845282238385,5,1,3,1,Address 359
827935.2996630549,2259.673257120586,1,3,43,2,Address 360
1182531.9152984598,2766.369456501289,5,2,22,0,Address 361
957511.7290630811,1945.6199257715712,3,1,1,2,Address 362
1141693.6467559836,2200.8558610494706,4,3,21,2,Address 363
964843.6126694109,2345.0719958555565,3,3,36,1,Address 364
691028.1139269597,1799.389764057082,2,1,7,0,Address 365
611818.137074568,2112.0462409052084,1,1,6,2,Address 366
1068049.6527597394,2006.2962003908974,5,2,13,0,Address 367
1220902.4713909389,2048.838049274416,5,3,2,0,Address 368
768410.2658665335,1613.4951080722667,1,3,49,1,Address 369
417959.1333569824,2012.2550871294713,1,1,15,0,Address 370
924817.7648327986,2248.999145622725,2,3,18,0,Address 371
1107736.8216700992,2725.571803897521,3,2,17,2,Address 372
1366544.7422339413,2479.6354130426034,5,3,15,1,Address 373
692984.4848546289,3076.5912287557785,2,1,7,0,Address 374
628364.4603045038,1616.3262185559752,3,1,32,2,Address 375
823586.0790771762,2436.1603183603393,2,2,48,1,Address 376
1185920.9787283137,2091.671002869176,5,2,11,1,Address 377
1029927.8101371969,3094.901466608836,1,3,10,2,Address 378
721531.4029312886,1595.8508573224242,1,3,4,2,Address 379
882025.7455165973,1580.139078909612,3,1,26,2,Address 380
1163471.57894974,1700.303677277989,4,2,11,2,Address 381
842274.2416795745,938.0521378450965,3,2,16,2,Address 382
1015405.1992424435,1737.1224891596194,4,2,5,0,Address 383
796240.0126747246,1620.433669223151,2,3,32,0,Address 384
737372.7364208454,2075.1968932381037,2,2,4,1,Address 385
1056197.459017319,2170.87798788858,5,1,27,0,Address 386
1150058.3760508955,2938.085419607943,4,1,13,0,Address 387
1261741.5853635662,2475.2119190930252,5,3,4,0,Address 388
601062.3233517141,1711.5481721687984,1,3,32,2,Address 389
848356.6133411812,1550.792664325821,4,2,49,1,Address 390
782653.0136901626,2245.9595857532527,3,3,47,1,Address 391
593014.4525535743,1339.883396489679,1,1,40,1,Address 392
831983.4679255271,2915.7293829271766,1,2,18,1,Address 393
766835.0788692825,2589.7200603606434,3,1,21,0,Address 394
476735.2251978711,1765.4121739476477,1,2,4,0,Address 395
1029013.7777212071,1143.4327354545612,4,3,1,2,Address 396
1125865.922138556,2676.9361870827065,5,2,29,1,Address 397
563213.767639375,1942.730077373691,1,2,46,0,Address 398
913466.749918511,2618.908155986731,4,1,38,0,Address 399
828421.814597652,1202.7861706028166,2,1,3,2,Address 400
946755.7630825072,1700.3124885231136,4,2,32,2,Address 401
1145443.3995505162,2002.6218498590915,5,3,12,2,Address 402
948651.182174008,2023.490296882371,4,3,19,0,Address 403
763194.2409813878,1774.9672642603782,3,1,6,0,Address 404
1250274.6899227959,2311.4249661737495,5,3,14,2,Address 405
603418.1239795677,1466.1897853087028,2,1,22,1,Address 406
1001477.6677169909,1928.8102574893533,3,3,13,2,Address 407
1171038.6269561131,2060.1478158559494,4,2,22,2,Address 408
1071025.3729937053,2257.2194170293747,5,1,18,2,Address 409
721846.5362096635,2355.807439044445,2,1,28,2,Address 410
867496.2535239841,1437.6789540810655,3,2,19,0,Address 411
540796.1003600112,1232.9429146321888,2,1,28,1,Address 412
1260205.0785406274,2638.8384109492545,4,3,23,2,Address 413
925764.2268011555,2166.157005989796,2,3,17,1,Address 414
568752.2590682802,1625.756731721723,1,1,9,1,Address 415
914117.960505477,2775.5759877612613,3,3,40,1,Address 416
894761.1541668366,2057.8373171464295,2,1,7,2,Address 417
1241033.2388615028,2589.6485920319133,4,2,25,0,Address 418
968258.7378972449,2033.7592407050545,4,1,28,2,Address 419
800401.9089070619,3030.3739624409936,2,2,9,1,Address 420
1208677.3129546624,2877.6704212216023,4,3,16,1,Address 421
1214537.8066346461,1875.5179257604632,5,2,1,0,Address 422
1297059.779976157,2485.785475477178,5,3,5,2,Address 423
1101378.8790674384,2322.6879747925736,5,1,4,1,Address 424
788496.9915178316,2684.3157787661744,1,3,27,0,Address 425
722058.6121915873,1517.5382697099478,2,1,40,1,Address 426
663844.9463088594,2343.0257299992195,1,1,4,0,Address 427
1110608.0212957056,2529.212243424794,4,2,17,0,Address 428
569436.1700112016,1120.6302567884427,1,2,25,2,Address 429
1003028.9698841036,1408.3707436671125,4,2,19,1,Address 430
855842.058399482,980.3839111199497,4,2,40,2,Address 431
1005082.2682662932,1865.2965827777211,3,3,48,1,Address 432
1418999.0768683595,2358.7711278979814,5,3,26,2,Address 433
1184454.2094820635,2751.178526048014,4,3,48,1,Address 434
844963.6803415073,2037.0473902098877,3,1,11,2,Address 435
1269058.0644744048,2814.307772785646,5,3,6,0,Address 436
1257646.5481554563,1309.9492708925543,4,3,2,1,Address 437
1011759.8335698926,1148.3087803224225,4,3,9,1,Address 438
686222.031800226,1972.2261505516906,1,2,33,0,Address 439
845092.4322688174,2192.0327244696537,1,3,24,2,Address 440
986951.617749311,1983.6526259529535,5,1,34,1,Address 441
792162.9922510637,966.2789499800617,4,2,15,1,Address 442
794704.0360832112,1955.4399802436058,2,1,1,2,Address 443
637886.6116353696,1347.7652497475733,1,3,23,0,Address 444
1426137.0945874352,2334.836274415019,5,2,9,2,Address 445
878310.6427625925,2183.299123048424,4,1,37,2,Address 446
1340482.8698384108,1530.0601068363223,4,3,21,2,Address 447
692187.7070828247,1743.0665413316533,2,1,25,1,Address 448
940822.2460277681,1470.3932390555242,5,1,42,0,Address 449
781558.8316931183,1968.660451363414,4,1,38,0,Address 450
867227.7467805088,2477.571160250619,1,3,26,2,Address 451
852018.790506544,1507.1369768322281,2,3,28,1,Address 452
1166935.0549579798,2252.023257758922,5,1,46,2,Address 453
621654.8983221836,1734.8711908137795,2,2,37,1,Address 454
763034.4439656867,1603.563583868828,1,2,19,1,Address 455
1248790.0343794702,1946.4848200227211,5,3,26,1,Address 456
839060.7734097625,1482.378838790313,2,3,40,1,Address 457
892223.3085821649,1723.1753473264089,3,3,19,0,Address 458
551291.8415426526,1401.061053705576,1,3,43,1,Address 459
859508.7193861482,2982.3625664581946,1,3,18,1,Address 460
732492.7325809082,2017.6317759858644,1,2,19,2,Address 461
838470.8977889216,1650.1372460037073,3,3,34,2,Address 462
798027.5360532235,2106.989955367111,3,1,46,0,Address 463
1112036.0609051166,1943.8359751545852,4,1,1,2,Address 464
677985.0576412262,1889.5152002333884,2,2,29,1,Address 465
882449.7999749621,2307.0833500217127,4,1,33,2,Address 466
735579.2478149352,2378.7538550236527,2,2,21,0,Address 467
961864.4523181036,1734.7494261947363,3,2,2,2,Address 468
834791.9869762326,1712.09087967766,3,1,5,2,Address 469
1052155.6318653396,1862.474151424178,4,3,14,0,Address 470
895051.7115308124,849.0394176322077,5,1,26,0,Address 471
739413.5530175095,1242.4044689007237,4,1,9,1,Address 472
797014.1506418998,2683.4371337222624,2,2,8,2,Address 473
716020.6115827498,2822.4838567506417,4,1,32,1,Address 474
769802.7208675282,1875.4819802218108,1,2,31,2,Address 475
896350.5502145332,2288.2784815278833,2,3,47,2,Address 476
1020347.6208736924,2155.625077271768,2,3,5,1,Address 477
1280170.2408416227,3539.440404227619,5,3,40,2,Address 478
888419.479525045,2559.787455717288,3,1,35,2,Address 479
883086.7710376218,1936.0412042596167,2,2,1,2,Address 480
820044.7284869772,1522.229779699787,3,3,28,0,Address 481
818334.904140442,1196.7768398712137,4,2,3,1,Address 482
834760.3154068768,2101.7318179336116,1,2,0,0,Address 483
1336110.79686279,1621.8246273578484,5,3,18,1,Address 484
870694.0873475799,1288.873145201163,3,3,25,1,Address 485
840694.1203048344,1676.7135578787368,2,2,24,2,Address 486
909443.5321835909,1459.2259981928025,3,3,9,1,Address 487
726816.7214511535,2843.5708175362824,2,2,14,0,Address 488
1074808.138343174,2440.819878474725,3,2,21,0,Address 489
600064.479793589,1996.0136793416914,2,3,47,0,Address 490
975446.8372473897,2739.972069445013,4,1,20,1,Address 491
830300.7981066044,2038.684153823809,2,3,21,0,Address 492
782059.4478023155,1569.3578993358683,2,1,35,1,Address 493
749815.0692870847,2761.5620386348287,1,2,33,0,Address 494
571720.5247275011,2269.455021842329,2,2,29,0,Address 495
509862.66818025894,1481.3769228367719,1,1,24,1,Address 496
1034589.0859322556,1904.830660958196,5,2,44,0,Address 497
539385.2538008179,1562.1908733076214,1,1,27,2,Address 498
962840.9242048133,1308.600134517832,4,1,0,1,Address 499
509398.18460098444,2463.088773765821,1,2,48,1,Address 500
1056607.2407698396,2954.708320235065,5,1,44,1,Address 501
1171953.4961303505,1300.7162130904294,4,3,3,2,Address 502
1114106.0303505927,2281.4846183452855,3,3,6,1,Address 503
776409.8188948284,1674.6787154390865,3,2,48,0,Address 504
580804.5107817353,1756.437308117652,1,2,8,0,Address 505
448386.1764254093,1703.8030378805654,1,1,35,0,Address 506
1084841.1737537328,1568.004615160092,5,1,18,1,Address 507
1045816.1598097873,2024.2608139724134,5,1,0,0,Address 508
566267.7396353952,1584.524941794481,2,1,9,1,Address 509
1040173.0828945016,2135.2284128899196,5,3,35,0,Address 510
792524.3523839322,1974.8809452754315,2,3,8,2,Address 511
1155610.679505615,1880.5259765667952,4,2,44,2,Address 512
605368.0004591646,1546.218168979201,1,1,45,2,Address 513
898512.6451535285,1711.6143347158336,4,1,41,2,Address 514
1110390.3127748794,2377.695612912878,5,2,31,1,Address 515
825652.8585844833,2250.4585938121904,4,1,31,0,Address 516
1070445.9485182934,1511.2223776007245,4,1,5,2,Address 517
1071409.9660889353,2049.666152714613,4,1,47,1,Address 518
1043030.0637758357,2375.6935616858946,5,1,37,2,Address 519
1018371.2880095023,1165.2973594393143,4,1,16,2,Address 520
831969.3011548857,2271.6800961899676,2,2,9,1,Address 521
937625.919061661,1668.6881205270765,5,1,49,1,Address 522
1136951.3617126504,2285.2993342965797,4,2,26,0,Address 523
902820.4700985964,1618.3704217287416,5,1,49,0,Address 524
951392.3388922376,1097.5589496677405,3,3,34,2,Address 525
863450.2713969864,1186.2287810584187,2,3,20,2,Address 526
891844.3106671239,2024.0424733306909,4,3,24,0,Address 527
967827.2399576802,2129.861250860741,3,3,27,0,Address 528
746514.9663007562,1547.8416874477957,3,2,46,1,Address 529
991814.3089243064,2319.296229388687,5,2,14,0,Address 530
659210.2888416759,1169.23996886552,3,1,3,0,Address 531
848157.1231039396,1966.9601006763417,2,3,28,2,Address 532
796437.4439249103,1394.4919001187718,2,2,8,0,Address 533
469029.23299968895,1674.0819460989205,1,1,26,2,Address 534
553385.1896608953,2023.699335658207,2,1,25,0,Address 535
884518.1577906036,1569.7933173580238,3,2,18,1,Address 536
654192.845653084,1807.7222278850872,2,3,27,0,Address 537
992413.9646374888,2503.14640460722,5,1,16,0,Address 538
460707.7329905204,1711.5540652384257,1,3,42,0,Address 539
1133785.7516037966,2417.846056032571,3,3,40,2,Address 540
621378.3452231005,1435.1465726711908,1,3,41,1,Address 541
726898.4243955398,2264.9020889576414,3,1,49,0,Address 542
1445679.463012004,2720.78431032895,5,3,19,2,Address 543
326190.88662824687,764.1777499363554,1,1,44,1,Address 544
1050956.5363616757,1601.5523722647617,4,3,39,2,Address 545
747220.8064284528,2288.53606359027,3,1,38,2,Address 546
937997.358598269,1898.4773069785037,4,3,48,1,Address 547
532499.0042679776,2185.5729366856544,1,2,22,0,Address 548
1028551.7015808425,1698.0074066420898,4,3,46,2,Address 549
1103849.9359563384,2043.29489373645,4,3,31,2,Address 550
489079.35332023393,1922.1613823039602,1,1,46,0,Address 551
945267.4082788003,2583.8910308299037,5,1,32,0,Address 552
1104684.3097568082,2127.2104216506063,4,3,45,1,Address 553
1117380.2622560828,2168.801331037601,4,2,4,1,Address 554
1028623.93341065,1794.0615169387663,5,2,42,1,Address 555
721147.2315545372,1756.1968879637532,4,1,47,0,Address 556
1030879.9938070179,1783.7209060901896,4,2,33,2,Address 557
1121430.8608178704,2197.2260711891486,4,3,39,2,Address 558
710985.9588863414,1789.5077595898686,2,1,10,1,Address 559
1293475.3864708173,2144.8874284482063,5,3,49,0,Address 560
1126633.7447750436,3037.7003993227195,4,1,2,2,Address 561
1005633.1790435715,2435.562351715846,5,1,32,1,Address 562
774609.862197402,1836.9882339160795,3,1,10,2,Address 563
844840.5329760389,2600.6069610819723,3,1,15,2,Address 564
809319.6006378104,1795.9623134892242,4,2,17,0,Address 565
1153368.1340756651,980.9377324110731,5,3,29,0,Address 566
952267.8025185533,1495.9568445412979,5,3,47,2,Address 567
1207270.8857206379,1064.6040394870722,5,3,9,1,Address 568
541617.9351304115,1824.2432579793456,2,1,17,0,Address 569
865680.3974970658,2009.2091895947758,3,2,37,2,Address 570
1178023.1014593253,2838.218656137641,5,3,18,0,Address 571
1220932.834652411,2163.463686882081,5,2,35,0,Address 572
646676.5337281345,1890.449735595568,2,1,12,0,Address 573
990508.1315634598,2414.702790591745,2,3,45,2,Address 574
1195495.9204092063,894.4323454960575,5,2,2,1,Address 575
620121.2753076686,2117.807279054283,1,1,9,1,Address 576
1024980.8826088271,2385.4325969434835,5,2,37,1,Address 577
1124006.4126994307,1260.7068771100792,5,3,0,0,Address 578
890962.9008037262,2571.8770216034645,2,3,26,2,Address 579
556574.4041859908,2169.2482037472073,2,1,45,0,Address 580
1045773.2250400311,1792.3560430495993,5,1,7,1,Address 581
1018223.5290960878,2316.3909330531424,5,1,45,1,Address 582
1302745.5589922485,3135.3464289021977,5,2,41,2,Address 583
802823.7421309734,2090.9331275292475,2,2,16,0,Address 584
1162996.511688371,2124.110293150168,5,2,8,1,Address 585
1147378.8468337797,1770.319550229878,5,1,5,2,Address 586
918571.7960332163,1575.0778152676041,4,3,42,0,Address 587
864994.7733868626,2415.167908272123,1,3,24,0,Address 588
764644.679882792,1571.9580870455663,3,2,38,1,Address 589
727296.9603232124,2035.7831186096962,1,2,48,1,Address 590
874510.418484572,1761.1712766174417,4,3,27,0,Address 591
901908.2655462349,2239.489912873196,3,3,32,0,Address 592
1091585.2879029869,2166.8310526434743,5,2,36,1,Address 593
1073776.1766877424,2518.7699721289496,4,2,8,0,Address 594
1296680.860379145,1744.9918005726265,5,3,17,1,Address 595
501566.73292937863,1865.0625323533143,2,1,20,0,Address 596
898263.5100065939,1510.6181421088463,4,2,1,1,Address 597
713594.5302245707,1777.8533699619443,2,3,42,2,Address 598
1226883.4443720845,2188.650246522426,4,3,37,1,Address 599
1139609.92511198,2378.494308322676,4,3,39,1,Address 600
735454.6129454065,1538.9173379111874,2,3,35,2,Address 601
701170.808609676,2434.8029600528303,3,1,49,0,Address 602
941958.032506397,2677.8189294024755,1,3,42,2,Address 603
1100859.8221300612,2206.7174516118503,5,2,36,1,Address 604
952120.976848786,2938.397906279033,4,1,14,0,Address 605
1149180.8693625154,1613.1054004482135,5,3,27,2,Address 606
481268.03345255286,1377.6726483442915,2,1,17,0,Address 607
1093396.3685991017,1110.6398755478608,5,2,33,0,Address 608
1160192.3744486652,2748.0221557445916,2,3,21,2,Address 609
1044198.8425389682,2327.182828177029,5,2,10,0,Address 610
953714.9993762893,1972.2076645447726,1,3,12,2,Address 611
749259.4896869805,2139.98431315991,1,3,3,1,Address 612
695090.34717197,1437.2554763508117,1,3,21,0,Address 613
1041308.979462282,3222.875989808413,1,3,6,1,Address 614
697953.3995283982,2064.6105909876137,1,3,42,1,Address 615
486675.5477035087,2054.6973973024465,1,1,23,0,Address 616
1070396.4275737533,2362.883311949346,2,3,3,2,Address 617
959055.1778832109,2240.5046158683567,4,3,27,0,Address 618
1187900.3389979997,2111.9420121395656,5,1,14,1,Address 619
584757.2164719928,1604.762772277344,1,1,0,1,Address 620
741798.3670413821,2235.734178567998,2,1,2,2,Address 621
687684.4644921663,2941.012248237517,2,1,13,0,Address 622
584924.7511249123,2672.7100230774886,2,1,37,1,Address 623
898042.1146695709,2796.5933133196986,4,1,49,1,Address 624
1218035.4399790007,1744.3921617844073,5,3,0,1,Address 625
970390.4058159228,1505.1975898707096,4,3,37,2,Address 626
855164.1563821171,1937.1065399501758,3,2,37,1,Address 627
920077.9540669842,2027.8624561443473,2,3,20,1,Address 628
919362.3623236055,2547.0957592354744,3,3,47,0,Address 629
485649.3511661857,1153.7676851425904,1,1,28,0,Address 630
597763.5176750971,2764.7751597303068,1,1,4,1,Address 631
1146437.8814930446,1920.9960507105052,4,3,48,1,Address 632
1102837.4170801148,1786.55946502629,5,2,9,0,Address 633
949920.498212466,1493.9478123699164,3,1,27,2,Address 634
1438678.897630585,1172.5716640671153,5,3,20,2,Address 635
1096134.1699677675,2411.585291980957,4,3,49,2,Address 636
698759.5106692745,2036.658983594202,1,2,6,2,Address 637
1136877.7428180755,1355.019550129473,5,2,2,2,Address 638
1046816.2864143706,1352.4606139681919,5,1,44,2,Address 639
773807.7620830026,1832.107650354936,1,2,46,2,Address 640
1060170.2278474893,2834.5107626446966,3,3,19,2,Address 641
729144.859079627,1870.2043243181977,1,3,18,0,Address 642
1073250.1233585181,1248.428523440947,5,2,34,2,Address 643
1033523.7570497617,1877.1284679570279,3,2,3,2,Address 644
1119309.5908533854,1863.6382151261648,3,2,4,2,Address 645
541122.84410962,651.5566785292142,1,2,0,1,Address 646
864298.4900067362,1972.8525667410938,5,1,3,0,Address 647
1050843.4411775954,1884.532734895661,4,2,11,0,Address 648
939539.7963801257,2348.103182406709,5,1,26,0,Address 649
956136.2310508895,2924.4780474726726,2,3,41,2,Address 650
1201031.335164549,2563.2825147738786,4,2,22,2,Address 651
818295.0508253693,1865.5556547225847,3,1,24,1,Address 652
904501.7020076119,1446.7370456291649,4,2,20,0,Address 653
1105079.818916661,3286.67990162493,3,3,23,2,Address 654
644971.5436732245,2029.609217007244,3,3,24,0,Address 655
1132528.5461712675,2006.964645956473,4,3,44,1,Address 656
823498.5757219234,1987.9374564449984,3,2,45,1,Address 657
1039237.8658739653,2099.0423803839276,3,2,31,1,Address 658
650584.7823999899,1927.8197940380287,2,1,31,0,Address 659
1229204.3624025038,1713.1689965598819,5,3,4,2,Address 660
1239344.0617755842,1726.570529379804,5,2,35,2,Address 661
933475.2770850192,1983.6233648920008,2,3,45,1,Address 662
1068925.580008064,1728.2876144331176,4,3,41,2,Address 663
597722.1974234646,1643.5771086614177,1,1,48,1,Address 664
427790.7058459901,2053.2151138459485,1,1,41,0,Address 665
537215.9160697475,1872.5113912895724,1,1,38,1,Address 666
782340.4882010125,2751.9964942913443,2,1,15,0,Address 667
791929.6679817684,674.515095803494,2,3,32,1,Address 668
920727.5274577121,2545.7534259612307,3,1,48,2,Address 669
649038.5415685641,2623.0425962488143,1,1,20,2,Address 670
959700.2524487367,963.3048837959252,4,1,8,1,Address 671
980422.8879853407,1828.6562029598256,4,1,5,2,Address 672
676525.2204726911,1814.2795670021042,1,3,44,2,Address 673
466190.61853277584,1296.2441526410894,1,1,34,2,Address 674
819108.0047680897,1611.0916562045622,1,3,38,0,Address 675
698272.8649175141,1444.7120772670855,2,2,21,2,Address 676
996777.0448472258,2876.1352217118115,2,3,40,0,Address 677
835237.2500763561,2467.8391965737305,2,3,4,1,Address 678
1170368.2992571264,2635.7775474970795,5,1,41,2,Address 679
1131791.9483512454,2360.8360320216175,4,2,22,2,Address 680
1183670.0994117612,1435.4741143913852,4,2,16,2,Address 681
826333.7971691599,1737.7398668601131,3,2,11,1,Address 682
657402.3062653572,2244.687280613959,2,2,22,0,Address 683
1117242.5717207047,1388.9360955540274,5,3,15,0,Address 684
1428130.1044326646,2356.499215086194,5,2,2,2,Address 685
991567.8820977166,1879.8373009209324,4,3,29,1,Address 686
590417.2964021001,1812.5895962252011,2,3,21,1,Address 687
1055524.782147503,2355.4799841017457,3,3,8,1,Address 688
881165.4573704029,2222.13165574302,2,2,28,1,Address 689
398571.09844505973,1819.51691709046,1,1,46,1,Address 690
750759.7075035388,2579.664901682124,2,1,36,0,Address 691
448355.73511875956,1459.4683362000515,1,2,22,0,Address 692
552140.9267780453,2307.967803472132,1,1,12,0,Address 693
942923.2944270249,2296.550628984192,3,1,31,2,Address 694
925776.1378604566,1845.226780343005,4,3,45,1,Address 695
902457.9842628613,2163.066511121059,2,3,46,2,Address 696
664941.6723099586,1374.4432118073487,1,2,47,1,Address 697
819594.7608814801,2462.0135096034505,2,2,22,0,Address 698
850692.2874187737,1907.5489317785054,4,1,44,2,Address 699
1193735.6842457275,1738.6384897404803,4,3,16,0,Address 700
1220289.7124840934,2524.5046129184448,5,2,39,1,Address 701
798738.0154804313,1647.8281547286203,4,2,20,1,Address 702
954001.2966552445,1295.76935181822,3,2,1,1,Address 703
443031.1160820771,1221.685413238048,1,2,36,0,Address 704
1219956.8523315284,2303.00497567282,5,2,5,1,Address 705
840778.9328045119,1359.7853237518584,3,2,43,0,Address 706
778779.2506327349,2877.3970909921823,2,1,17,2,Address 707
463344.26820163254,959.035296058139,1,3,29,1,Address 708
1343377.3376050848,2848.228184145019,4,3,21,1,Address 709
763009.2204803257,2105.5087336013094,1,2,32,1,Address 710
888438.7430881859,1951.6434440648038,2,3,29,2,Address 711
1296096.1908087642,1727.540456595525,5,3,16,1,Address 712
1119018.132511235,2199.5680571760354,5,3,42,0,Address 713
1075815.2825548425,1981.1826487875758,5,2,31,0,Address 714
1018736.299837152,2551.650941008261,4,2,41,1,Address 715
976816.9738973718,2057.1138243310197,3,3,13,1,Address 716
1105445.3460816694,2075.1508807309388,3,3,9,2,Address 717
519001.5070247484,1818.193893893072,1,2,46,2,Address 718
921994.6357373886,1971.5271881394663,4,1,35,2,Address 719
1250838.0356929435,2153.9008844460295,5,3,33,1,Address 720
1222301.6511633322,1144.9158036716872,5,1,8,2,Address 721
693837.3073634448,1325.9072889471436,2,3,41,2,Address 722
715218.5104743785,2371.6320470113574,2,1,27,0,Address 723
1191558.1495491832,2085.432719063971,5,1,10,2,Address 724
817128.9601140924,1908.0083318236605,5,1,13,0,Address 725
975974.8980941948,2009.2169665326967,4,2,38,0,Address 726
913407.5931664616,2173.7908526808355,3,1,46,2,Address 727
675877.2839227754,1730.1201598453192,2,1,18,0,Address 728
774692.0382426169,1610.8476372988437,3,1,14,1,Address 729
1139116.266407127,2097.922627548841,4,3,27,1,Address 730
1062065.8308441516,1510.813611192484,5,1,23,2,Address 731
867466.9039542042,2204.126377857236,3,3,7,1,Address 732
890202.8522635546,1148.7081978810797,5,1,42,0,Address 733
1088750.741268115,2514.5778186628218,5,1,8,1,Address 734
611147.6570208538,2236.2987412065213,1,2,46,2,Address 735
1277298.4820743592,2128.0148671569377,3,3,32,2,Address 736
910396.1211592314,2491.345491972757,3,1,32,0,Address 737
1252256.5161916902,2832.7372222312883,5,3,18,2,Address 738
1231382.1229074905,2507.1850325090654,4,3,2,1,Address 739
785758.8159898501,1079.5628843341774,1,2,9,2,Address 740
838401.2362556148,1360.2115166321491,5,2,39,0,Address 741
754457.3852559314,1687.5907111521606,2,2,46,2,Address 742
751711.825082491,2013.0455251054168,2,2,41,1,Address 743
548433.6627735539,2258.8295102345614,1,2,0,0,Address 744
1005667.8398035497,1637.1280934232673,4,2,28,1,Address 745
1152962.9772756663,2093.383382238539,5,2,49,0,Address 746
1037035.6125242492,1622.3085338233386,3,2,33,2,Address 747
480487.699687808,1694.241098504026,1,1,12,0,Address 748
1279831.4486711002,1296.6694515758888,4,3,0,0,Address 749
672041.6623547792,1538.3833769445478,3,2,33,2,Address 750
732037.4407006296,1324.1576971918332,2,2,28,1,Address 751
675976.9053581478,1512.0633735113336,2,3,47,2,Address 752
769700.353580082,2526.82089830392,3,1,46,0,Address 753
716339.3805478999,1525.3005555840284,1,3,12,2,Address 754
948306.8488809256,3316.1910324186956,2,3,47,0,Address 755
1145977.8236338252,2246.6589504404446,5,2,48,2,Address 756
950643.3883820921,2092.418061847437,3,3,28,2,Address 757
835053.0162345413,1570.8211099093933,3,3,38,1,Address 758
952261.4437154048,2350.1549397044955,2,2,23,0,Address 759
665570.4825343528,1712.181086881113,1,2,25,1,Address 760
933887.6200784291,2061.0049073226805,5,2,16,0,Address 761
921083.0004251162,3280.0422691343974,1,2,6,2,Address 762
1051729.338777968,1951.9700501376751,4,3,12,0,Address 763
1199923.7750239978,2574.6366631428377,4,3,4,1,Address 764
726829.9941418853,1648.4117874370563,2,1,25,1,Address 765
750573.2928464365,1982.5057547515191,2,1,48,1,Address 766
858658.7589897065,2885.400317817755,2,3,2,0,Address 767
923677.4816950733,1686.5164711061163,4,1,6,1,Address 768
730011.3276259894,2906.2242789984643,1,3,48,1,Address 769
629073.8148802001,2353.8759677277376,1,1,38,1,Address 770
818646.2118316697,1718.766612052866,2,2,0,2,Address 771
1078545.5349229635,2316.2038695277606,5,1,48,2,Address 772
639600.04638032,2486.277224813365,1,2,16,0,Address 773
946478.5465539267,2310.9049811085983,4,2,42,0,Address 774
983953.8645982908,1214.8876400547717,3,2,24,1,Address 775
1188719.757685529,1636.4314120875656,3,2,2,2,Address 776
847333.2775966723,1876.2406822242476,3,1,14,1,Address 777
1200281.3505633073,1962.7832854499768,5,3,28,1,Address 778
657469.9287885656,2310.336048775339,2,2,42,2,Address 779
890843.2300655253,2088.8505004666267,4,1,31,2,Address 780
1100559.1784859044,1332.3278206449495,5,2,25,2,Address 781
837503.5704865556,2190.0989255029817,4,1,15,0,Address 782
841539.2109769988,2305.2928726419113,4,1,24,0,Address 783
861528.4698021685,2279.89522396552,2,1,27,1,Address 784
1020918.1176515792,2540.3903627773107,3,3,8,0,Address 785
833517.3068676388,2416.961077274452,2,1,0,2,Address 786
1039539.9479275991,2229.5900396142183,5,1,28,2,Address 787
1292246.1869040262,1964.9171442706765,5,3,21,0,Address 788
1135694.0905253438,1169.5195332420044,5,3,15,1,Address 789
619394.5444415438,2214.809109566293,2,1,40,1,Address 790
866309.3026272114,2103.8438435815556,4,3,43,0,Address 791
987468.7504846321,2135.7894185976866,4,2,40,1,Address 792
568956.7710312444,1361.6257120898454,1,2,6,1,Address 793
1358405.1475812767,1459.4717297958687,5,3,13,1,Address 794
1381047.51186684,2526.576426666452,4,3,28,2,Address 795
498494.19283053983,1980.2224230716724,1,1,18,2,Address 796
985859.7110805316,2340.7503486863125,4,3,18,0,Address 797
1111783.9552938782,2014.1591880652306,5,1,1,2,Address 798
779884.0174353601,2014.8780697478726,3,2,40,1,Address 799
1300655.8478674712,2469.141902987999,5,3,44,2,Address 800
593535.4146805746,1741.9776358913132,2,1,14,0,Address 801
1048859.2729025749,2048.0603884704915,4,1,2,2,Address 802
1118495.5877294445,1768.8623556474788,4,2,10,1,Address 803
691853.0375948334,1782.7518862838422,2,3,45,1,Address 804
796062.5160743078,1845.4139382656804,2,2,29,0,Address 805
760241.447149668,2111.0668858168565,3,1,39,2,Address 806
1176910.8538317038,1760.6256891682613,4,1,17,2,Address 807
1330885.4029036148,2627.8780627867604,4,3,47,2,Address 808
791961.6013004013,1552.696348890248,3,1,1,1,Address 809
572298.0733389278,1906.5641779193204,1,3,31,0,Address 810
838526.849118833,1780.1344708629126,3,2,7,2,Address 811
1387711.7444251396,2723.4889421768667,5,3,21,1,Address 812
1146787.462172529,2098.277388255787,4,3,5,1,Address 813
852278.9155486276,2515.9222697343175,2,1,11,1,Address 814
1194144.8782777153,1257.219813481514,5,1,46,2,Address 815
1058314.2194218505,2133.5251329346293,4,3,39,2,Address 816
751467.715405363,2444.8153978117184,3,1,35,2,Address 817
1135370.2229170338,2041.141994637712,5,1,14,2,Address 818
1133749.9798984972,2532.7401875326755,4,1,27,2,Address 819
624089.5485164056,1741.3557749498138,1,3,48,2,Address 820
645929.8458852036,2704.67372009279,1,1,44,2,Address 821
1177949.2722980615,3149.449061809625,2,3,17,2,Address 822
836570.2881289797,1818.5807197801705,4,1,1,2,Address 823
677256.6700738713,1777.248739299614,1,2,12,1,Address 824
830658.9144960066,2726.6922385588505,3,1,44,2,Address 825
983394.266383666,2789.7860728653563,4,1,14,0,Address 826
1036835.4277007054,1738.569986423366,3,3,19,1,Address 827
1025071.5099340163,1789.9065914520713,3,3,28,2,Address 828
362888.5293457891,1859.1076955697463,1,1,41,0,Address 829
936652.8606249383,1327.7747444828615,4,2,28,2,Address 830
1132726.7007082368,1540.674026757901,5,1,2,0,Address 831
506686.25105480646,1497.929616623966,1,1,18,0,Address 832
691642.0345032784,1616.1012174479358,1,2,2,0,Address 833
1097295.286648965,1982.6575563066094,4,3,13,0,Address 834
984622.343451018,2117.10736626826,4,1,39,1,Address 835
1061910.4156469717,2775.2502464070385,3,3,3,1,Address 836
953331.1332863169,1500.8229796306046,4,3,10,0,Address 837
1055585.891508634,2492.161199238292,3,2,30,2,Address 838
668037.9588332801,1893.0055778872456,1,2,42,0,Address 839
754098.6834377141,1975.2681451737835,2,3,31,1,Address 840
1064146.4934659572,2337.409746083302,5,1,26,2,Address 841
659541.2560987944,1438.6389892188508,1,3,29,1,Address 842
1067102.9478074673,2191.204873092025,4,1,42,1,Address 843
1202636.1559274788,2083.226104106528,5,1,1,2,Address 844
566213.8802138187,2246.2256320040747,2,2,48,0,Address 845
669160.1530364408,2144.5843219539092,2,1,8,0,Address 846
844177.1314205014,3227.650069955447,3,1,27,0,Address 847
1010786.0451870412,1681.130007874342,5,3,30,0,Address 848
886970.9605604364,1734.5015224990912,3,2,33,2,Address 849
571839.2297181246,1688.429736787618,1,1,14,2,Address 850
982062.8916802714,1722.2614404198725,5,1,47,2,Address 851
579392.506896493,1681.306436346741,1,2,24,1,Address 852
1216590.181390258,2594.508265553776,3,3,35,2,Address 853
1150654.9007894413,2710.2521239949274,5,2,7,0,Address 854
900429.7909425526,1714.6268531252617,3,2,8,1,Address 855
920505.7501171157,1583.8222134478856,5,1,36,0,Address 856
679069.0927825866,2235.707778193202,3,1,47,0,Address 857
852339.3210227212,1723.8884778595143,2,3,44,2,Address 858
862181.6504975519,2316.4659088777553,3,1,38,2,Address 859
636121.8037324866,2101.46151042565,2,1,31,0,Address 860
696289.4800404962,1242.127942501384,3,2,16,0,Address 861
1078762.809341239,2773.752600665031,5,1,34,1,Address 862
1413826.0711897619,2897.9388365477607,5,3,36,2,Address 863
1095378.9023377767,1693.6056547578069,5,2,18,1,Address 864
1060793.1132633265,1806.1492200320079,4,3,43,1,Address 865
674996.9696088808,2142.9326953624523,1,2,28,1,Address 866
1086462.352572743,2167.2283949935127,5,1,6,0,Address 867
854792.3051350226,2329.2721363364153,2,2,27,1,Address 868
1247095.1659633955,3005.1022693831746,5,2,8,1,Address 869
766019.1083160879,1911.5263862529753,4,1,27,0,Address 870
608213.6049055897,1600.851377730773,2,1,5,2,Address 871
1176802.6798729096,1310.3403859927364,4,3,28,2,Address 872
918478.5428000106,1634.5349800290405,2,3,16,1,Address 873
833280.1197900628,1983.4365135631015,3,1,15,0,Address 874
786848.2459621567,2897.278931758894,1,1,22,2,Address 875
507963.8366856026,1741.1943504819142,1,1,30,1,Address 876
1004701.75580539,2111.893975819449,4,2,2,1,Address 877
511138.1142165586,1991.788551963624,1,2,20,0,Address 878
960484.6640138542,2594.196636724042,4,2,25,1,Address 879
1197562.4901487143,3263.4662129368107,4,1,35,2,Address 880
942142.075778569,1734.5656135398397,4,3,41,0,Address 881
669013.9347951775,1755.280278740889,1,1,36,2,Address 882
1101519.4608153885,2522.080438534536,4,2,21,2,Address 883
634470.4536570732,2340.9457448131557,1,2,41,2,Address 884
930898.8865317873,2923.3536628680167,4,1,11,1,Address 885
978380.9735675232,2291.964092662982,5,1,41,1,Address 886
1209859.273751276,1820.3539546064703,4,2,12,2,Address 887
771111.7335566343,2295.327415346155,2,2,10,2,Address 888
1247109.8611771103,2554.3517902914537,4,2,15,0,Address 889
742963.3663129038,2410.241090598682,3,1,7,0,Address 890
1082358.6986204893,2253.637015553649,4,2,39,1,Address 891
780808.6050539588,2533.337344794577,2,2,39,1,Address 892
798408.8212696651,2584.6477952228365,2,3,44,0,Address 893
599965.8718393628,2691.0794955187635,1,1,1,2,Address 894
1234596.1961043584,2324.3549437948213,5,3,29,1,Address 895
1017815.4963475567,1916.4409598415727,4,3,29,2,Address 896
467177.9743449221,2073.356843216661,1,2,11,0,Address 897
1144285.3161471628,2603.2544832541785,5,1,9,1,Address 898
869610.9057670626,1591.5321645063818,4,2,43,1,Address 899
966868.5170561431,2184.3366544364508,3,1,10,0,Address 900
1202335.230892914,1803.3305938363196,4,3,14,1,Address 901
821180.4592804179,2014.3724114674087,2,1,15,0,Address 902
783834.3026795752,2639.2259313036493,2,2,16,1,Address 903
863168.7274141238,2095.5495340099515,3,2,25,0,Address 904
438254.7314397022,2023.2182740780745,1,2,1,1,Address 905
945826.9548823317,1320.0719295100403,5,1,49,2,Address 906
1225162.513103829,2373.1267830136103,4,3,11,2,Address 907
957679.016827231,2322.7420905705376,2,3,25,2,Address 908
669925.8951111058,3081.62736165273,1,1,22,1,Address 909
897270.3454275168,1846.1108825234996,3,2,17,1,Address 910
637633.2529668558,2109.5751638319693,2,3,31,2,Address 911
932091.3677937356,2124.691841855378,3,2,48,2,Address 912
973216.6531811776,2788.7266398817374,4,1,37,0,Address 913
1167037.7636435374,1952.352233806524,5,2,46,0,Address 914
906824.88221621,2139.5107628851697,2,3,2,0,Address 915
903321.1188145031,2303.9482548582696,2,3,37,2,Address 916
1225824.6483809152,2093.304561578179,4,2,2,2,Address 917
343944.8968125257,1776.783192724736,1,1,29,2,Address 918
1088209.646582201,2097.0449964491536,5,2,0,0,Address 919
649100.5894871175,2536.815874929886,2,1,29,1,Address 920
1087222.0550463158,1486.7423502944698,5,2,44,2,Address 921
634779.2024844274,2066.484837073438,2,3,31,1,Address 922
1132957.525477413,1649.9395925304134,5,1,27,1,Address 923
844771.3414778175,2597.5233144624212,3,1,20,1,Address 924
545720.3238767047,1238.4065476081128,2,1,45,0,Address 925
1240363.03014241,1720.5390763642058,5,3,12,1,Address 926
843109.583240921,2188.60593753226,1,2,26,2,Address 927
802081.1879743123,2782.7620146171703,3,3,35,0,Address 928
895944.6034933319,1967.124869463506,3,1,6,2,Address 929
794857.849735826,1722.4002366534007,1,2,21,2,Address 930
1286259.2087999603,2940.578534720295,5,3,9,0,Address 931
776472.3656653576,1275.993049791878,4,1,38,2,Address 932
461670.69060341734,900.5970216899591,1,1,14,2,Address 933
1174706.522322026,2220.007225026666,5,3,14,0,Address 934
736792.2858300705,1748.9728878236945,1,3,3,2,Address 935
661657.2474367284,1489.3835914346434,1,3,31,1,Address 936
922242.5626834679,2354.1782236496765,2,1,22,2,Address 937
1212453.5591348116,2121.9003568855996,5,3,5,1,Address 938
897028.6710352637,1717.9606846316358,4,1,23,2,Address 939
803962.8384714866,1359.8478006645528,2,3,19,0,Address 940
514140.83001761965,2436.2286641400724,1,1,36,0,Address 941
521591.5455634447,2325.1005889793305,1,1,19,2,Address 942
616922.3630331287,1950.4120681103086,1,2,11,0,Address 943
1338442.7065626907,2923.318498023833,5,3,32,2,Address 944
1210063.5962275076,1464.9576168369238,5,3,27,0,Address 945
542508.501633497,1237.2374145376307,2,1,7,1,Address 946
1083636.544781482,1654.0459650593777,4,1,0,2,Address 947
645937.6179722308,1977.206991822251,2,1,36,1,Address 948
799372.805374635,2121.6697246613458,3,2,21,1,Address 949
597060.3658994907,1879.381971071835,1,2,5,2,Address 950
781041.6226165679,2176.0276982571486,1,1,20,1,Address 951
699431.4265069338,1374.230287904778,1,3,31,2,Address 952
1007838.6418767117,2721.88230203663,2,3,34,1,Address 953
667080.5016195587,1958.9244108037155,2,2,14,2,Address 954
1061634.2803757964,2558.647915794064,1,2,4,2,Address 955
696460.730155598,2171.362673188852,2,1,45,0,Address 956
1219293.6395421682,2228.376609576892,5,3,49,2,Address 957
1043871.7782260592,2284.883640116102,5,1,47,2,Address 958
905845.2408311653,2223.8542800086575,2,2,5,1,Address 959
891854.3066658819,2321.361379933772,1,3,24,2,Address 960
854710.5545463654,2664.5762650662155,2,3,45,0,Address 961
752913.9343052965,2098.260584850735,2,2,39,1,Address 962
765556.8962820172,2354.5018787942563,2,1,28,1,Address 963
609342.859977621,1955.1321528563867,3,1,6,0,Address 964
1226878.3895110483,2720.0586077247362,5,3,39,1,Address 965
837493.9990677519,1661.8038489703652,4,2,12,1,Address 966
1226506.2561157914,2900.470216455408,4,3,37,1,Address 967
836410.7053644508,1979.9210246778282,3,2,17,1,Address 968
449303.43702617974,1284.6124489409758,2,1,1,0,Address 969
803026.5683436425,2064.0522074553946,3,2,7,0,Address 970
810883.0372728345,1659.4741712625596,3,1,10,1,Address 971
657509.3391938552,2420.321774494362,1,2,32,1,Address 972
996053.145131603,1673.6880103488045,5,3,37,0,Address 973
633203.9681661994,1776.9082833926102,4,1,47,0,Address 974
720916.2421557737,1055.2296345272343,2,3,26,0,Address 975
1031307.8733625001,1773.8468403754616,4,3,19,1,Address 976
800997.962682147,788.0603366855216,4,1,11,1,Address 977
960836.3400768839,1208.0485882571384,5,1,42,2,Address 978
1121027.3015247467,2380.207328072149,4,3,30,0,Address 979
1221984.658109533,2392.9000793254163,4,3,26,1,Address 980
953923.7981850925,2212.7287808924825,3,3,31,0,Address 981
1171604.937867575,1516.5119284353934,5,3,9,1,Address 982
556090.7860024814,1976.1443219290102,1,1,2,0,Address 983
607896.1763195095,1998.1987304547158,2,1,44,1,Address 984
925826.4301770607,1420.8176554037286,4,3,26,2,Address 985
986364.532217315,2751.6991508835754,2,2,34,2,Address 986
724212.000777564,2438.6811452878355,1,2,30,0,Address 987
889785.1906665764,1889.517913085168,2,1,14,1,Address 988
989394.2225974873,2013.4429194972654,1,3,15,1,Address 989
848817.1271721016,2104.1914039737762,3,3,12,0,Address 990
738373.2645409027,979.1325657878547,4,1,48,1,Address 991
820795.0905609844,1876.4113087397016,1,2,34,0,Address 992
761845.7260418866,1659.0078760011006,2,2,10,1,Address 993
944340.0897599295,1499.1899950525421,4,2,20,0,Address 994
663831.9901862442,1859.4498535570226,3,1,10,1,Address 995
1056913.1895001535,2898.843263424761,4,2,29,0,Address 996
741236.1805392593,2320.4214306335048,1,1,47,1,Address 997
932103.631521213,1714.4105051086017,3,1,34,2,Address 998
835630.6769159536,2286.291390678079,2,3,21,1,Address 999
